<?xml version="1.0" encoding="utf-8"?><feed xmlns="http://www.w3.org/2005/Atom" ><generator uri="https://jekyllrb.com/" version="3.9.5">Jekyll</generator><link href="https://weeb-api.github.io/docs/feed.xml" rel="self" type="application/atom+xml" /><link href="https://weeb-api.github.io/docs/" rel="alternate" type="text/html" /><updated>2024-03-24T22:52:24+00:00</updated><id>https://weeb-api.github.io/docs/feed.xml</id><title type="html">Weeb-API Documentation</title><subtitle>Free to use public API without any need for authorization :)</subtitle><author><name>AliAryanTech</name></author></feed>